Артикул продавца,Обоснование для оплаты,Кол-во,"Реализовано, ₽","К перечислению продавцу, ₽","Доставка покупателю, ₽","Хранение, ₽","Штрафы, ₽"
LD-SKAT-150-BEIGE,Продажа,46,114540,89341.2,0,0,0
LD-SKAT-150-BEIGE,Возврат,2,4980,3884.4,0,0,0
LD-SKAT-150-BEIGE,Логистика,51,0,0,4845,0,0
LD-SKAT-150-BEIGE,Логистика (возврат),5,0,0,250,0,0
LD-SKAT-150-BEIGE,Хранение,0,0,0,0,410,0
LD-SKAT-150-GREY,Продажа,31,77190,60208.2,0,0,0
LD-SKAT-150-GREY,Возврат,1,2490,1942.2,0,0,0
LD-SKAT-150-GREY,Логистика,34,0,0,3230,0,0
LD-SKAT-150-GREY,Логистика (возврат),3,0,0,150,0,0
LD-SKAT-150-GREY,Хранение,0,0,0,0,380,0
LD-NAPK-4,Продажа,58,57420,44787.6,0,0,0
LD-NAPK-4,Возврат,1,990,772.2,0,0,0
LD-NAPK-4,Логистика,62,0,0,3844,0,0
LD-NAPK-4,Логистика (возврат),4,0,0,200,0,0
LD-NAPK-4,Хранение,0,0,0,0,260,0
LD-RUNNER-40,Продажа,12,15480,12074.4,0,0,0
LD-RUNNER-40,Логистика,13,0,0,910,0,0
LD-RUNNER-40,Логистика (возврат),1,0,0,50,0,0
LD-RUNNER-40,Хранение,0,0,0,0,190,0
LD-APRON,Продажа,9,13410,10459.8,0,0,0
LD-APRON,Возврат,3,4470,3486.6,0,0,0
LD-APRON,Логистика,21,0,0,1680,0,0
LD-APRON,Логистика (возврат),12,0,0,600,0,0
LD-APRON,Хранение,0,0,0,0,640,0
LD-APRON,Штраф: несоответствие габаритов в карточке,0,0,0,0,0,1500
